пижама женская bloomstyle,476950
лампа sun x5 max 120w,272905
пижама женская bloomstyle,476950
лампа sun x5 max 120w,272905
лампа finest me,222650
flower knows,191650
airpods,181205
маникюрная лампа luckyhouse,157550
брекеты накладные,140110
адвент календарь kinder,134880
пижама женская bloomstyle,476950
лампа sun x5 max 120w,272905
лампа finest me,222650
flower knows,191650
airpods,181205
маникюрная лампа luckyhouse,157550
брекеты накладные,140110
адвент календарь kinder,134880
перцовый баллончик для самообороны,125315
муляж iphone,116110
елизар,108115
karseell,104245
finest me лампа,100660
dyson,97670
лампа s-leader,97630
le mousse,94755
снуд nike,94335
sinsay,93275
ipad,88540
петарды корсар 1,87305
nutella,85000
жижа,83855
айпад,81755
дайсон,81645
своя культура,79735
адвент календарь гарри поттер,78000
электрошокер самооборона,75500
блоптоп,74795
ашка,74250
12848294,73135
свитер женский femmelin,71535
мой рэббит,68130
петличка tech,67355
сапоги дутики onway,67285
пижама акула,65190
костюм акулы,62525
iphone 12 mini,61940
для koji da,61870
pusy гель для бровей,59615
дверь межкомнатная,58060
dyson фен,56885
жидкость для вейпа,56290
дутики детские onway,56020
елизар пятновыводитель,55260
петарды корсар,55195
lit energy,54405
аэрогриль xiaomi,53240
стенка в гостиную,52165
clinique,51280
мицеллярная вода garnier,51075
дутики женские onway,51045
poco x5 pro,50590
луноходы женские,49945
poco f5,49630
кастет самооборона,49495
перчатки nike,49290
brandfree,48310
снегоуборщик аккумуляторный,47265
лето в пионерском галстуке книга,47030
hqd,46800
товары для взросных,46570
перчатки найк,45635
петарды мощные,45600
сноуборд,45095
clinique black honey,44945
яндекс станция миди,44445
macbook,43435
икра красная,43405
reserved,42920
лампа nail kingdom,42415
шокер самооборона,42180
жизнивек,42055
телескопическая дубинка,41980
tecno spark 10 pro,41760
фен dyson,41065
karseell для волос,40725
муляж iphone 14,40700
хаски жидкость,40020
боксерки,39890
kuoma,39820
persil гель,39595
дутики женские зимние onway,39475
louis vuitton,39375
мыло с деньгами внутри,39010
джамперы для фитнеса,38915
iphone 8 плюс,38645
realme 10,38635
kisy,37490
сапоги дутики женские onway,37315
экран под ванну пластиковый раздвижной,36905
джамперы ботинки,36735
кигуруми акула,36495
гель для бровей pusy,36485
mary nail лампа,36435
гель для стирки persil,35870
flower knows косметика,35800
сливки 33%,35770
трусы с бабочкой на попе,35725
электрошокер мощный,35475
брекеты накладные металлические,35410
нутелла,34905
тушь manifest,34885
iphone 13 mini,34695
судокрем,34600
maltesers,34275
луноходы женские зимние,33935
телевизор xiaomi,33620
адвент календарь сладкий kinder,33570
cleaner o2,33355
грибы эноки,32740
futurino,32705
двери межкомнатные,32580
le mousse масло ши,32545
elf bar,32505
ultrafire,32280
одноразка,32180
виагра для мужчин быстродействующие,32035
kuchenland home,31845
наливатор алкоголя,31710
vaporesso,31515
осушитель воздуха,31040
газовый баллончик для самообороны,30975
пижама акула кигуруми,30815
маска для квадробики,30425
karseell для волос маска,30395
setner,30295
накладные брекеты,30245
polar big boy,29820
фотоаппарат canon,29780
маленький телефон,29735
отпариватель xiaomi,29480
tecno spark 10 про,29475
кастет металлический,29360
лит энерджи,29300
colibri design лампа,29205
гироскутер,29190
витаминный ингалятор,29160
le mousse косметика,29030
shima,28755
дом в котором,28470
carmex,28245
одноразки электронные,28085
мои заказы посмотреть история,28070
презервативница,28050
вайпер электронный,27965
колбаса,27965
камин электрический с порталом,27805
губозакаточная машинка,27570
наливатор алкоголя автоматический,27565
airpods pro 2,27540
пуанты,27495
переходник для гирлянды,27470
елка лентяйка,27275
свитшот nike,27185
брекеты накладные для зубов,27130
manifest тушь,26990
электронная сигарет 5000,26610
снуд найк,26595
"центровочные кольца 66.1 64,1",26570
лак для волос с блестками,26435
рисовая бумага,26345
елизар пятновыводитель кислородный,26285
говядина армейская беларусь,26210
кукла lol большая,26135
аэрогриль kitfort,26125
бенгальские огни большие,26095
туалетная бумага набережные челны,25995
бонг,25950
мыло с деньгами внутри настоящими,25900
пистоны,25840
true religion,25835
balenciaga track,25785
яндекс станция макс,25560
ирригатор xiaomi,25555
чарон,25485
тарталетки,25295
кухонный уголок,25270
maskoholic,25000
xixi,24995
love republic куртка,24985
петличный микрофон for you,24950
наливатор,24775
dos siberia,24715
sinsay одежда женская,24635
defacto,24635
джамперы для прыжков взрослые на ноги,24600
перцовый баллончик шпага,24490
ашки,24355
твое сердце будет разбито,24295
паровая швабра kitfort,24295
свитшот найк,24105
испаритель для курения,24070
дутики мужские зимние onway,23940
charmstore,23895
lime платье,23795
святая,23795
редуксин,23700
baby go,23660
стиралити,23660
трусы calvin klein женские,23645
elfbar,23380
savage пуховик,23315
блоп топ,23280
лето в пионерском галстуке,23260
мои заказы посмотреть,23195
лайтстик blackpink,23150
жижи для вайпа,22970
консилер vivienne sabo,22935
дошипун,22930
трусы с егором кридом,22850
154498544,22860
наушники airpods,22500
презервативы чехол,22490
nokia 3310,22440
airpods 3,22425
раскладная кровать пуфик,22390
мороженица,22300
love republic юбка,22275
veve,22265
logitech g435,21920
kapibara,21890
бепантен,21885
электровелосипед,21835
skechers,21515
lit energy продукты,21500
terranova,21450
костюм акулы взрослый,21400
вибраторы для похудения,21390
туалетный столик с зеркалом и подсветкой,21195
под система,21155
миноксидил 15%,21140
ночник с тюльпанами,21030
бокс с канцелярией,21020
сигареты.табачные блок,20945
шипы ремонтные 7 мм,20925
baze шампунь,20770
jelai,20675
bork,20635
caterpillar,20580
комод трансформер,20525
пуфик раскладушка кровать,20510
корсет с перьями,20470
маска раптора,20220
1,20225
икра красная натуральная лососевая,20135
кратер очиститель,20070
холодильник для косметики,20060
штангетки,20040
мультикон для майонеза,20005
холодильник двухкамерный indesit,19920
фен дайсон,19840
адвент календарь milka,19800
презервативы брелок,19785
брендфри,19745
ингалятор витаминный,19710
товары для взросных игрушки,19705
пиджак с перьями,19695
18463747,19680
микроволновка samsung,19585
мозабрик,19515
тамагочи на русском,19475
172885684,19435
baze,19415
12storeez,19370
глюкометр сателлит экспресс,19285
диностер,19180
милана некрасова,19175
перцовый баллончик струйный,19160
ашкудэ,19160
кратер кислородный очиститель,19155
бенгальские огни 60 см,19010
redmi 10,19005
nike tech fleece,18965
mixit шампунь,18940
петличка fizzy,18930
2mood,18895
ugg мужские,18870
лисья нора,18860
чаша для мультиварки,18760
beshopping,18760
вибраторы глубинные 18,18755
мультикон,18695
писюняша,18690
костюм акулы кигуруми,18690
zetter,18650
мармеладыч кислый,18610
hikikomori kai,18580
fit parad 7,18545
лего фнаф,18540
жижа для вейпа,18525
шоколадный фонтан,18530
аккумуляторная лопата для снега,18440
lichi платье,18400
рик овенс,18380
cropp,18365
ipad мини,18345
руль игровой для пк,18345
складная елка в сумке,18280
кислородный очиститель кратер,18275
макбук,18265
хвост для квадробики,18190
дакимакура шрек,18175
bean boozled,18175
энергетик литвина,18140
likato 17в1,17960
gopro,17950
электрошокер самооборона мощный,17925
костюм разбойника на мальчика,17895
12262602,17905
shima для кухни,17820
feelz куртки,17815
жидкость для электронных сигарет,17800
духи быть может,17720
стайлер со стразами,17685
pupa 004,17665
желатин быстрорастворимый,17620
взрывные котята,17600
травматический пистолет самооборона,17560
shima home,17520
мои покупки на wildberries,17515
мотоблок,17505
принцесса куни,17435
межкомнатные двери,17435
limba для волос,17380
tj collection,17345
подушка пердушка,17290
дроны убийцы игрушка,17275
reserved женская одежда,17275
ekonika сапоги,17260
электролопата,17225
хромлипаза,17200
цветные тарталетки,17130
маска кошки для квадробики,17025
xros,17020
ecoclar,17015
ipad pro,16965
kakazzy,16955
наручники для игр 18,16875
rita bravuro,16810
lamia,16790
hogla,16775
адвент календарь киндер,16745
крем воск от трещин epilprofi,16730
телевизор 24 дюйма,16725
в конце они оба умрут книга,16715
new rock обувь,16670
flipper zero,16660
адвент календарь lego,16655
1030201,16605
kappa штаны,16510
nappyclub,16500
наушники apple,16460
возбудитель для женщин виагра,16440
робот пылесос polaris,16435
электрошокер фонарик,16415
энзимная пудра aravia,16370
санки для двойни,16350
гель для стирки shima,16330
кратер очиститель для кухни,16310
костюм разбойника,16300
штаны у2к,16275
brusko,16270
thrasher худи,16145
kuchenland посуда,16115
косметика flower knows,16060
столешница для кухни 2000х600,16020
стики для iqos,15965
креатин maxler,15915
перцовый баллончик боец,15915
lost mary,15910
фисташковая паста,15885
красти бокс,15850
кепка usa,15805
муляж айфона,15790
супермощный роутер,15790
электрошокер самооборона от людей,15775
монитор 144гц,15770
костюм конфетки для девочки,15765
валенки котофей,15750
poco m5s,15720
четвертое крыло,15695
vans дутые,15615
colgate новогодняя,15560
творожный сыр для крема,15540
дубинка телескопическая,15485
навигатор автомобильный,15485
плед лаваш,15410
likato 17 в 1,15370
спаржа,15335
петарды чесночки,15300
штрипки,15240
flower knows зеркало,15240
электронная сигарет многоразовая с жидкостью,15225
личный кабинет войти,15205
зайка alilo,15105
внешний жесткий диск 1 тб,15095
dreame h12,15075
антисептик dolce milk,15040
cool mint shampoo,15005
свитер махер с опушкой,14975
карбоновая доска для стен,14930
петарды новогодние,14920
qbrix,14915
162471956,14895
москитная сетка плиссе,14895
трусы calvin klein мужские,14885
мотофайтеры,14880
гель для бровей art-visage,14860
райн гослинг,14810
karseell маска,14805
кепка nike,14800
halsa витамины,14785
stiraliti 20 в 1,14785
tecno camon 20 pro смартфон,14775
жидкость для веипа,14770
сноуборд взрослый,14755
керлер для окрашивания ресниц,14755
курт сыр,14720
139433631,14715
хренобус,14700
пасито 2,14665
nutella 3 кг,14665
miartland,14630
кольцо найк,14630
fanbox,14625
chappi 15 кг,14605
адвент календарь милка,14605
momi трусики,14595
ovlux лампа,14565
газоотводная трубочка для новорожденных,14565
костюм горничной аниме,14545
брекет azdent,14475
принтер xiaomi,14470
ашка.,14465
toplash,14435
адвент календарь vivienne sabo,14420
айкос3 устройство,14415
бигуди jillas,14405
чайник электрический xiaomi,14365
sheglam,14320
flowers knows,14315
wysh,14295
юбка с перьями,14260
индикатор зубного налета,14255
раскладной пуфик кровать,14235
pink shell,14230
ultrafire 18650,14210
петарды корсар 4,14200
интимный ликбез,14190
moloday,14160
kappa куртка,14130
шарф burberry мужской,14125
кастет самооборона металлический,14100
полисорб,14070
evisu,14065
1nail-market лампа,14045
коньяк армянский,14035
бин бузлд,14010
полузамок,14010
logitech g102,13990
костюм конфетки,13935
гигиеническая помада nivea,13920
ssd m2,13915
semily,13895
love republic джинсы,13880
полусапоги зима саламандра,13865
новогодняя паста colgate,13840
гамаши женские теплые,13810
191364078,13770
петроникс,13745
царь елка литая,13730
домашний костюм женский milana grace,13715
13068517,13715
индо скут,13695
цска,13680
костюм богатыря для мальчика,13680
futurino для девочек,13670
штаны kappa,13665
костюм петрушки,13655
термошапка для волос,13650
shik тушь,13615
криминальный татарстан,13605
электронная сигарет многоразовая с зарядкой,13600
ardor gaming,13580
befree пуховик,13565
моющий пылесос karcher,13530
weekend offender,13470
виагра для двоих,13445
candy bella пудра,13415
паровая щетка для кошек,13405
для da koji,13400
алмаг,13365
гель для бритья gillette,13350
сдина для велосапед,13345
pure paw paw,13310
изомальт для леденцов,13285
bask пуховик,13280
tasty coffee,13265
ylluzzore,13265
huawei смартфон,13235
шокер самооборона от людей,13235
ободок конфетка,13205
виватон,13205
варежка для хобота,13160
новогодний чемодан для денег,13130
джамперы для прыжков на ноги,13125
инфинити нада,13125
экран под ванну раздвижной,13110
тинь,13105
масло листьев усьмы,13100
123456789,13105
капрамин,13090
хаски жидкость 100 мл,13075
harizmic,13060
аэрогриль tefal,13050
перфоратор bosch,13020
наполнитель для кресла мешка,13020
испаритель smoant,12990
karseell collagen для волос,12980
pasito 2,12960
печенье савоярди,12960
перчатки nike дрилл,12960
тофа обувь женская,12935
смартфон huawei,12915
эльф бар,12915
айфон 12 мини,12915
пиротехника петарды,12900
хитозан пчелиный,12850
ласка 4 л,12845
петличный микрофон plug and play,12835
низорал,12815
все ради игры,12795
витаминный ингалятор без никотина,12775
слово пацана кровь на асфальте книга,12740
3d календарь отрывной,12740
ritter sport мини,12740
97380637,12740
vape многоразовый,12725
электрогриль tefal,12725
apple watch 9,12725
мур мур faberlic,12710
низорал шампунь,12695
мильбемакс,12695
эноки,12685
brandfree кислородный очиститель,12685
дверь гармошка раздвижная,12680
лопата для снега электрическая,12660
лето в пионерском галстуке книга 1,12635
муляж айфон,12615
полузамок мужской,12605
коврик массажный редокс,12590
выдра для сна,12585
феромон шоколад,12570
энзимная пудра likato,12565
пакет цум,12545
брекеты azdent,12530
anteater,12520
полиморфус,12510
samsung а24,12505
петарды корсар 5,12495
funko pop фнаф,12455
kuromi бокс,12425
жвачка шокер,12410
rare beauty,12360
мои заказы на wildberries,12350
тепловая завеса,12345
пижама акула кигуруми взрослая,12340
накладные брекеты на зубы,12325
coquette,12320
милкис,12315
нутела,12300
ручка для макияжа,12290
изюм черный без косточки узбекистанскиц,12265
easy clean пятновыводитель,12255
vaporesso xros,12230
ноутбук apple,12225
штаны каппа,12225
снегоуборочная лопата аккумуляторная,12215
редуксин для похудения,12210
витаминный ингалятор nutriair,12190
skin saver,12180
восхитительная ведьма,12175
термоклейкая лента для ткани,12150
mozabrick конструктор,12120
лак с блестками для волос,12115
снегокат для мальчика,12105
комод трансформер для косметики,12100
demix кроссовки,12100
nestogen 4,12050
джамперы для фитнеса ботинки,12040
кофемашина philips,12035
whiskas 5 кг,12030
перчатки arcteryx,12030
чайник xiaomi,12030
аминосил универсальный,12015
бравекто для собак,12005
арка межкомнатная,12005
спиральная раскраска,12000
lovular салфетки,11980
аирподс,11945
3д календарь отрывной,11935
шапка петушок,11930
шапка конфетка новогодний для девочка,11925
bona fide лосины,11915
тест на беременность розыгрыш,11910
лгбт,11915
нобилис натуральный,11900
жужа и капа,11870
костюм акула,11865
heldi,11865
факел-2 баллончик,11865
кофемолка bosch,11855
трусы мужские calvin klein,11845
vape электронный,11840
кастет железный,11835
принтер для ногтей,11815
мармеладыч бокс,11800
маска для волос karseell,11795
санки коляска ника,11790
мини айфон,11785
birdy,11780
shik скульптор,11780
mustela стик,11775
nutriair,11760
автомат с игрушками,11755
amway для посуды,11755
благословение небожителей 5 том,11710
морозильная камера бирюса 114,11710
calzedonia леггинсы,11710
синтепон рулонный,11710
samsung a24,11705
табекс,11685
петарды корсар 10,11670
udoba,11660
костюм петрушки для мальчика,11655
машинка для заплетания косичек,11655
планетарный миксер kitfort,11645
жидкость хаски,11645
lassie обувь,11640
аламинол,11620
трусы женские calvin klein,11605
redmi 10c,11600
колонка куроми,11585
монополия гарри поттер,11585
сюрстремминг,11575
мини принтер xiaomi,11575
arctiline,11560
симпарика,11550
дайсон фен,11535
книга слово пацана кровь на асфальте,11525
азелик,11515
планшет для рисования xiaomi,11510
блоптоп игрушки,11510
робот eilik,11500
кальян в сборе,11500
romanovamakeup,11485
baze professional,11465
тесто фило,11445
фотопринтер xiaomi,11445
rtx 3060,11430
"фильтрация, терморегуляция, освещение",11425
пена для бритья nivea,11410
miederes,11365
шоколад мистер бист,11365
sinsay home,11365
kappa кроссовки,11360
камера мэн титан из лего который спиной,11350
стринги мужские прозрачные,11345
вафельница kitfort,11330
peripera,11320
167097105,11260
дана делон,11255
raf simons,11250
единственный конец злодейки смерть,11250
гриль tefal,11245
грибы эноки свежие,11240
gisou,11200
clasna пуховик женский,11185
жидкость для электронных испарителе,11175
елка лентяйка с игрушками,11165
calista платье,11165
hogla для стирки,11155
пешня для зимней рыбалки,11155
нутелла 3 кг,11150
таблетки от глистов для кошек,11150
ботинки комфорт норд,11150
leomax,11125
по осколкам твоего сердца,11110
пуф трансформер 5в1,11100
адвент календарь чупа чупс,11075
удобрение биоклад,11075
вывеска wildberries,11070
dolce milk антисептик,11070
waka электронная,11065
брекеты накладные для красоты,11065
1065668755,11060
супрадин,11035
kappa fatty,11030
парные браслеты с вибрацией,11030
samyun wan,11025
фрутоняня каша,11010
manu трусики,11005
адвент календарь сладкий milka,11005
резиновая кукла для мальчиков 18,11005
кепка usa california,11005
mountain dew,11005
кормушка для птиц на окно прозрачная,11000
фартук кухонный на стену 4000x600,10990
13424191,10980
dlya koji da,10970
freiaviver,10945
айкос3 устройство для курения,10920
sbleskom,10915
mixit сыворотка,10910
eyfel,10905
48470818,10905
nike cortez,10890
karseell для волос масло,10880
первый русский протеин,10880
я твое средство для всего чудо очиститель,10875
фнаф lego,10870
мерч эдисона,10850
хромлипаза для похудения,10820
kitekat 15 кг,10820
osiris d3 с мехом,10815
cheetos,10790
джамперы для прыжков взрослые,10765
безалкогольное шампанское,10755
karsel,10750
pokaifu,10720
тапочки найк,10720
кольцо nike,10705
wildberries одежда,10700
датчик угарного газа,10700
тушь манифест,10695
имбирь маринованный,10685
муляж iphone 14 pro,10675
пиджак со стразами,10665
карта желаний 2024,10655
black honey помада,10640
xiaomi pad 5,10625
гильзы для сигарет 1000 шт,10595
pink glam,10590
игрушки джи айдл,10585
сумка diesel,10585
штрипки силиконовые,10585
вытынанки на новый год,10575
эмолиум,10555
перцовый баллончик для самообороны от людей,10540
весы для новорожденных,10540
спички длинные,10535
пылесос dyson,10505
кардиган с перьями,10470
край пуховик,10460
vivienne sabo консилер,10460
vois,10455
пуси гель для бровей,10450
елизар отбеливатель,10440
электрическая лопата для уборки снега,10430
aim clo,10430
адвент календарь гарри поттер с фигурками,10420
promakeup laboratory,10415
tashe шампунь,10395
личный кабинет wildberries мой,10385
yerrna постельное белье,10385
eilik,10380
ekonika сумка,10370
редуксин лайт,10365
креветки замороженные,10360
скиноклир,10350
мицеллярная вода nivea,10345
1894953953,10340
iphone 14 plus,10335
шоколад феромон,10335
feelz пуховик,10320
хоббихорс,10295
skin saver сыворотка,10295
incanto бюстгальтер,10290
clio кушон,10275
французские духи женские маженуар,10275
cannabro,10265
проектор xiaomi,10265
голдлайн плюс,10255
роберт гараев,10210
чак чак,10205
гель для бритья мужской nivea,10200
костюм пингвина,10200
устройство для заплетания косичек,10185
flower knows набор,10185
stevaleri,10180
real shea,10180
candy clay набор,10170
костюм богатыря,10155
sela платье женское,10130
милин дом,10105
funko pop fnaf,10100
служба поддержки wildberries написать,10080
судокрем для новорожденных,10080
neofit одежда,10080
футболка эщкере,10065
huawei телефон,10050
стоники,10035
жидкость для электронной сигарет,10035
маска раптор,10030
каша фрутоняня,10000
outventure мужская куртка,10000
тушенка производства беларусьтушенка армейская,10000
a1fa,9995
тарталетки для салата,9995
радевит,9990
balenciaga defender,9990
цикорий эльза,9985
алмаг плюс,9980
mocheqi,9975
wellfort,9970
пеныч от кратер,9965
пластырь для подтяжки лица,9955
жидкость для vape,9930
vivo смартфон,9910
caterpillar обувь мужская,9905
мальтизерс,9900
джинсы evisu,9900
карточки blackpink 100 штук,9895
колонка медуза,9885
тушь vivienne sabo lashextase,9890
тофа обувь женская зима,9870
кус кус,9865
декстроза,9855
блок топ,9845
обезжириватель для ногтей с помпой,9845
силденафил,9840
микроволновка lg,9820
нож бабочка расческа,9820
акула костюм,9805
рюкзак adidas,9795
ебаный календарь,9790
вейп многоразовые,9775
embody,9770
шпага баллончик,9770
паровая швабра xiaomi,9750
fnaf funko,9740
uniqlo пуховик,9730
smeg чайник,9725
монолог фармацевта,9715
affliction,9715
парящие свечи,9690
сигареты.однораза,9680
zetter швабра,9675
o'stin пуховик,9660
масло-элексир для волос,9660
робот элик,9650
блендер polaris,9640
карты скз,9640
лит энерджи 1 шт,9640
кепка найк,9625
hojo,9620
стельки с подогревом на аккумуляторе,9615
плед акула костюм,9610
редуксин для похудения капсулы,9605
джамперы для прыжков обувь,9595
amiblooms,9590
женский возбудитель виагра,9585
подставка под торт блестящая бумажная,9575
край бебис кукла,9575
румбокс гарри поттер,9560
smoant,9535
shake тональный крем,9535
платье с висюльками,9520
karseell collagen,9515
weleda тоник,9510
carmex для губ,9505
журнал я шью,9500
маска гоуста,9495
духовой шкаф под моамор,9490
rtx 4090,9490
джем махеев,9470
костюм бабы яги,9455
бравекто,9455
сипи компани,9430
1929101,9420
blsh,9415
клей ручка,9415
obnimishki,9410
выдра для засыпания,9410
вигвам детский с двуслойными стенками,9405
nappyclub подгузники,9405
видеокарта rtx4090,9395
бравекто для собак таблетки,9390
kuoma для мальчика,9390
apple watch se,9385
barkleys,9385
куртка kappa,9355
шапка cp company,9345
перчатки the north face,9315
шампунь mixit,9310
фенибут,9305
адвент календарь с украшениями для подростков,9305
demix кроссовки женские,9300
отбеливатель елизар,9300
уф лампа finest me,9290
икра красная натуральная банка,9290
12564751,9285
невеста ноября,9275
жидкость для вайпа,9265
fr brand,9265
redmond вакууматор rvs 124,9265
kari обувь женская зимняя,9250
5.11,9245
корсар петарды,9245
сладкий спрей сьедомый,9225
ekonika ботинки,9215
съемные брекеты для красоты,9210
икра красная натуральная зернистая,9205
vei,9195
salomon xt-6,9190
бепантен мазь,9190
вайп для курения,9190
кохия саженец,9190
картина по номерам слово пацана,9190
телефон huawei,9190
граната страйкбольная,9185
раскладная кровать с матрасом трансформер,9175
костюм белочки для девочки,9165
консилер essence,9165
dualshock 4,9165
наушники эпл,9160
пудра essence,9155
магеря косметик,9150
андвент-календарь с косметикой,9150
lime джинсы,9150
mulsan,9150
блейзеры nike,9135
мотоблок бензиновый мощный,9110
электро лопата для снега,9105
стол однотумбовый,9100
1164948244,9095
лежак доктора редокс,9090
iphone 15 про мак,9085
тесто фило готовое,9075
стабилизатор напряжения 10000 вт,9075
зайчик alilo,9050
karseell маска для волос,9040
вайпер многоразовый,9035
14101803,9025
слово пацана роберт гараев,9020
лефортовский фарфор,9020
чаша для мультиварки redmond,9010
птитим макароны,9005
solvie,8995
arcteryx куртка,8990
montero outdoor,8990
хайлайтер dior,8985
клареол от папиллом,8975
джумка,8970
клареол,8960
глюкометр с полосками и прокалывателем,8960
телевизор смарт 24,8955
mohito,8935
капсула девственности,8935
мои покупки показать,8935
maag дети,8930
ветровка adidas,8930
соджу,8920
жидкая конфета в тюбике,8915
faberlic помада,8910
dyson пылесос,8890
toblerone,8875
сперма,8865
openface,8855
полузамок женский,8855
интим игрушки для женщин 18,8850
seauty,8835
леденец трость,8825
карамельная трость,8825
женя лизогуб,8815
испаритель для курения электронный,8805
garnier мицеллярная вода,8805
магнитотерапевтический аппарат  -01,8795
грилзы,8795
электрическая лопата,8790
персил гель,8790
пуховик befree,8790
орео blackpink,8785
писюн,8775
yves rocher молочко для тела,8770
пантовигар,8760
nordski,8760
смарт гирлянда на елку,8740
джинсы carhartt,8740
скинорен,8730
красная икра,8725
фнаф лего,8700
сыворотка с исландским мхом,8695
диностер игрушки,8695
радевит для лица,8690
love republic свитер,8685
daisyknit,8685
askona матрас,8680
детралекс таблетки,8675
таинственная коробка,8675
электронная сигарет многоразовая со вкусом,8670
true religion джинсы,8665
противозачаточные таблетки,8665
электронка для курения,8645
befree пижама,8645
traffa,8640
перчатки скелет,8640
nike shox,8635
шипучка конфеты из детства,8635
макароны в виде мужского органа,8635
sheglam косметика,8625
demix кроссовки мужские,8625
пульсометр,8615
ellesse олимпийка,8610
аппарат для значков,8605
мой первый новый год одежда,8605
чехол на зарядку iphone,8595
трибулус,8590
скрытая сушилка для белья,8585
порог на пол 2100,8580
снежинки на окна многоразовые,8580
аирподсы,8575
11666956,8565
icon skin крем,8560
incity куртка,8560
паста colgate новогодняя,8560
ручка клей,8555
автотепло,8550
glister ополаскиватель,8550
ciate glitter flip,8550
комод трансформер 3 в 1,8545
1284680,8545
дровокол,8535
nestogen 2,8535
hoops пуховик,8525
чемодан для денег подарочный,8520
нюхательная соль,8515
инозитол 1000мг,8515
манекен для бокса,8510
peros,8505
тамагочи на русском для девочек,8495
тушенка белорусская говядина армейская,8495
пулимак пятновыводитель,8490
yos design,8490
костюм гусара для мальчика,8490
тушь shik,8465
wowclean,8460
iphone 11 мини,8445
кровать трансформер взрослая,8440
воздушка винтовка,8440
paru pop,8430
гейнер мутант,8420
kitekat влажный,8420
брекеты накладные металлические для зубов,8405
плойка luni,8400
novo база под макияж,8390
очки с камерой скрытой,8390
чесночки хлопушки,8385
фотоаппарат профессиональный взрослый,8385
fred perry олимпийка,8380
аксессуары для лазерного уровня,8375
мужские стринги прозрачные,8370
табекс от курения,8365
veve косметика,8360
клензит,8355
k-girl джинсы,8355
кэроб,8345
платье barbie для девочки,8345
clarins блеск,8340
экран на батарею чугунную,8335
унты детские,8335
сари,8325
синильная проволока зеленая,8320
skims,8315
тостер tefal,8310
базирон ас,8305
платье в корейском стиле,8295
возбудитель для женщин сильный серебряная лиса,8280
imba energy,8275
мини iphone,8270
гипотеза любви,8265
demeter,8260
туда сюда миллионер,8260
лонгслив с перьями,8255
адвент календарь лего,8255
куртка с рожками на капюшоне,8250
cappuvini,8245
easy clean гель для стирки,8245
собака долинова,8230
куртка arcteryx,8230
шокер фонарик,8220
careprost,8215
твой первый миллион,8210
4blanc,8205
аслан шукаша,8200
электро лопата,8195
барни медвежонок 30 шт,8190
маска анонимуса для девочек,8190
тапки найк,8190
shocks,8185
бегающий краб,8180
dior хайлайтер,8180
585856995,8175
eilik робот,8165
телефон nokia,8165
wellroom,8160
стихи про животных роберт рождественский,8155
365 воинов внутри меня,8150
аккумулятор для philips e666,8150
комплект для новорожденного  адидас,8145
корсар 10,8140
пластырь для подтяжки лица невидимый,8130
эхолот практик 8,8125
лвпг,8125
мультиварка polaris,8120
штаны слоник мужские,8120
прослушка жучок,8115
бруско,8105
тапочки nike,8100
1235447282,8100
себозол,8090
￼,8090
краскопульт кондитерский,8080
штрипки на комбинезон,8080
чехол сковородка на телефон,8080
летающий спиннер бумеранг,8075
ocean bag,8075
шапка dickies,8060
moony,8055
горшочки для запекания 6 шт,8050
энергетики оптом,8045
рубашка с поцелуями,8045
атлант расправил плечи,8040
костюм бабы яги взрослый,8040
big red boots,8035
аевит витамины,8030
honor 70,8030
island soul,8020
northland обувь,8020
новомин сибирское здоровье,8020
вначале любовь,8015
орешница для газа,8010
jnco,8010
айфон 13 мини,8000
ботинки аляска комфорт,7990
лисья нора мерч,7990
sinsay kids,7990
валенки филипок,7985
no brend sorry,7985
дошиповка зимней резины,7985
камин декоративный из картона,7980
игрушки для взрослы 18вибраторы,7975
баллончик для самообороны,7970
ноутбук huawei,7970
флешка стеклянная,7965
электронная сигарет одноразки,7960
инверсионный стол,7955
виброколонка,7950
казу,7940
акула пижама,7935
базирон,7925
котики в летающей тарелке,7920
дубайское золото кольца,7920
11822324,7920
книга лето в пионерском галстуке,7915
anna bruni,7910
экивоки,7910
страйкбольная граната,7905
chizh,7900
бутсы adidas предатор,7895
в конце они оба умрут,7890
снежная королева дубленка женская,7880
ширма на колесиках,7870
altoids,7865
henderson куртка,7865
futurino мальчиков,7865
молокоотсос avent,7855
inoi a72,7850
diesel сумка,7845
шиповки для легкой атлетики,7840
пресс для значков,7835
mary kay духи,7835
6 минут,7835
карамельные тросточки,7830
интим игрушки для мужчин 18,7825
коржи для торта,7825
бушлат вкпо,7820
сумка hello kitty,7795
kuoma зима,7795
2024,7795
лонгслив найк,7785
vaporesso картридж,7785
кастет металлический настоящий,7785
леди спид стик гель,7780
dark project,7775
75964288,7775
afina сумка,7765
спаржа соевая,7760
shima гель для стирки,7760
maxnails лампа,7760
мантия гарри поттера,7745
пила вино и хохотала,7745
говядина армейская белорусская,7740
худи carhartt,7740
divage помада,7740
кухонный уголок угловой,7735
проектор для рисования для девочек,7735
злодейский путь,7730
восстановление девственности,7730
портативный телевизор,7725
yesbaby,7715
бриджи для верховой езды,7705
geekvape,7705
шапка calvin klein,7695
костюм медсестры женский для ролевых,7690
электро велосипед,7685
ашкьюди.,7675
галоши утепленные мужские великан,7675
17464835,7675
биотопливо для биокаминов,7665
микродозинг,7665
шиномонтажный гаикавиор,7660
трусы nike,7645
askin,7640
яйцеварка,7640
рисовый уксус для роллов,7635
глюкометр сателлит,7635
куома,7630
realme 10 pro,7630
sensual rebellion,7625
шамиль ахмадуллин,7625
одежда для игрушек stray kids,7625
сталовый уксус с насаткой,7615
маска фнаф,7605
novo база,7600
furreal friends,7595
outventure женская куртка,7595
лототрон,7595
коврик под елку 90 см на шнурке,7590
тушенка говядина армейская белорусская,7590
олимпийка 90-х,7585
attivio,7580
бепантен для новорожденных,7580
гиря 24 кг,7580
cosmo brand,7575
слуховой аппарат для пожилых с зарядкой,7575
хинкальница,7570
допплер,7570
дровокол электрический,7565
желейки,7550
easyway,7550
826461731,7550
скайсы,7545
elmex 2-6,7545
игровой руль для пк,7545
солкосерил,7540
skin etika,7530
редми 10,7525
21154964,7530
стеллаж билли,7515
задние фонари ваз 2114,7510
коньяк армянский в бутылке,7505
миникан,7505
тестомес для крутого теста,7500
пена для бритья gillette,7500
раскладушка медведь,7500
feastables,7490
шапка феликса,7480
ботинки комфорт норд женские,7480
startovali,7475
олимпийка ellesse,7450
big boy джинсы,7450
skinphoria,7445
тушенка армейская говядина белорусская,7440
ирландский мох,7435
овес для заваривания лечебный,7430
низорал шампунь от перхоти,7430
14373953,7430
адвент календарь с чаем,7425
realme c30s,7425
ветровка адидас,7420
таблетки от глистов для собак,7420
перчатки из standoff 2,7415
biothal,7420
карселл для волос,7415
аэрогриль demiand,7410
бокс канцелярии,7400
hqb,7395
коврик редокс,7390
ноутбук hp,7385
gloria jeans куртка женская,7385
apple watch ultra,7380
кровавый коврик,7380
костюм мальвины,7380
essence консилер,7380
tj collection.женские,7375
сенсей одежда,7375
куртка the north face женская,7370
пункты выдачи wildberries адреса,7360
гель для стирки shima 5 литров,7360
топ дизель,7345
basarab,7340
трусы слоник мужские,7335
джамперы ботинки для фитнеса,7325
portal,7325
tisun,7325
4590337,7325
виагра для женщин с быстром эффектом,7315
неизвестный абонент,7310
переходник айфон айкс,7310
1281301532,7305
гостиная стенка,7295
nike air max 95,7290
виагра для мужчин быстродействующие таблетки,7285
санки с колесами теплые для малышей,7285
befree шуба,7285
дубленка для девочки,7280
bouticle,7280
маска фурри,7280
бассейн каркасный 366х122,7275
электроснегокат,7270
патчи от прыщей с микроиглами,7270
500 злобных карт,7270
avent календарь,7265
читос,7260
аминосил для орхидей,7260
подушка шрек,7255
bork стайлер,7250
газовый пистолет самооборона,7250
шампанское безалкогольное,7245
shock брауни,7245
твое средство для всего чудо очиститель,7245
витамишки,7235
trendis,7235
мороженица электрическая,7225
flower knows пудра,7220
гача лайф,7220
opti men,7220
termit обувь,7215
снежная королева дубленка,7210
адвент календарь сладкий m&m's,7210
нос бабы яги,7210
мицеллярная вода bioderma,7205
чехол сковородка на iphone 11,7205
likato энзимная пудра,7205
рюкзак vans,7200
гельтек крем,7195
laver knitwear,7195
basarab обувь,7190
lamia шампунь,7190
джинсы big boy,7180
мой рэббит! пятновыводитель,7180
шашка казачья,7170
флешка 1 тб,7165
бокс джи айдл,7165
galina malina,7165
ринфолтил ампулы,7160
чай принцесса куни,7155
шампунь baze,7150
шарф мужской burberry,7140
huda beauty,7130
воздушный рис,7130
пирометр кондитерский,7120
whiskas паштет,7120
маджонг,7115
моющий пылесос dreame,7095
zarina рубашка женская,7090
котофей валенки,7090
фитотампоны,7090
папаха кавказская,7090
shik тональный крем,7090
палка выгребалка,7085
милпразон,7080
кроссовки demix,7070
азиатский пластырь для подтяжки лица,7070
тест розыгрыш на беременность,7070
bozoni,7065
липобейз эмульсия,7065
чан рамен,7060
герман груша,7060
2808913,7060
рамунэ,7055
аминосорб,7055
часодеи,7050
система спаси себя сам,7050
угольник свенсона,7045
солкосерил мазь,7045
авто лампа поворт мигающия,7045
эноки грибы,7045
графины и кувшины видерой энд бох,7040
шайлушай игрушка,7040
клинер о2,7040
пуховик moncler,7040
картина по номерам макан,7035
хайлайтер диор,7035
incanto боди,7020
курка женская зимняя,7020
костюм мушкетера для мальчика,7020
москитная сетка плиссе раздвижная,7015
yves rocher крем для рук,7015
консилер art-visage,7015
вустерский соус,7010
штаны kappa широкие,7010
спирограф,7010
елка ленивая,7005
new yorker одежда женская,7005
хапуга рыболовная с косынками,7005
магнитофон кассетный,7005
лебедка электрическая,7000
левитирующая лампа,7000
icon skin сыворотка,7000
zina гель для ногтей,6995
швабра zetter,6995
просмотренные товары мной,6995
ханьфу,6995
pou игрушка,6995
eat my набор,6990
испаритель на пасито 2,6990
адвент календарь аниме,6985
iphone муляж,6985
восточный костюм для девочки,6975
lost kitties,6970
manu подгузники,6965
глюкометр акку-чек,6965
poco f4,6965
магний хелат эвалар,6965
приточный клапан на окно,6960
приморский кондитер,6960
sela свитер,6960
костюм пингвина на мальчика,6960
shik карандаш для губ,6955
nivea бальзам для губ вишня,6950
новомин,6950
дубленка детская,6950
ferz шапки женские,6950
charon,6945
овес для заваривания,6945
белосалик,6940
alilo зайчик,6940
эстилодез,6940
полисорб порошок,6940
сателлит экспресс глюкометр,6925
роутер xiaomi,6920
дюфастон,6915
realme buds t100,6915
тестораскатка электрическая,6910
льдогенератор,6910
адвент календарь 18 плюс,6905
epilprofi для кутикулы,6905
румяна vivienne sabo,6895
шапка снеговика,6895
бальзам после бритья nivea,6895
zola,6890
rx 580 8gb,6895
darsi.studio,6890
парилка для курения,6890
голдлайн для похудения,6890
waistline,6885
шампунь fructis 700 мл,6885
nutrilon 2,6885
акула кигуруми,6885
парные браслеты с вибрацией на расстояние,6880
engi bar,6880
манекен для наращивания ресниц,6880
lego фнаф,6875
пектин nh,6875
спрингтрап,6870
валеши мужские,6860
станция миди с алисой,6860
куома для мальчика,6855
шапка stussy,6855
cropp одежда,6855
костюм петрушки детский,6850
flower knows тени,6845
urban nature,6845
литые диски r15,6835
самбовка для мальчика,6830
кроссовки nike asg,6825
bueno,6825
капсулы для стирки hogla,6820
кокон зевушка,6815
macbook pro,6815
lashextase,6810
тесто фило для выпечки,6810
костюм монашки,6800
таблетки от подкожного клеща,6800
бутсы nike air zoom,6790
очки вертикальной реальности,6790
пряжа adelia anastasia 17,6790
funko fnaf,6785
amway зубная паста,6785
казачок женские,6785
планшет iphone,6785
дверь гармошка в комнату,6780
fifine a8,6780
hismile,6775
киси скраб,6775
торшер ikea,6770
zarina шуба,6765
greentrees,6765
москвичи для белых кроссовок,6760
bershka джинсы,6760
ободок конфетка для девочек,6760
carhartt худи,6755
энергетик флеш,6755
чехол на пульт tcl745,6755
зипка с рожками,6755
фрутоняня пюре мясное,6740
агар-агар900 для зефира,6735
донат магния,6730
ламинатор а3,6720
гравити бол,6715
чай 18+,6715
паровая швабра karcher,6715
доплер,6715
keltain,6715
акридерм,6705
лимфотранзит,6695
halo-beauty,6695
планшет apple,6690
mykiddo,6685
массажный коврик редокс,6685
пионер пистолет,6685
шоколад мистера биста,6685
гель для шаров,6685
la fabrique,6685
тандыр глиняный,6680
клареол от папиллом гель,6680
левитирующая ручка,6680
трусы с олегом шепсом,6675
tecno camon 20 телефон,6675
патч stone island оригинал,6675
moony трусики,6670
берберин 500мг,6670
джош хатчерсон,6665
я шью журнал,6665
peaceful hooligan,6665
никоретте,6665
костюм акулы пижама,6660
я шью,6655
manto худи,6655
костюм хлопушки для девочки,6655
iphone 15 розовый,6645
шведская стенка детская для дома,6640
джинсы твое женские,6640
мозобрик,6635
primabella,6630
new balance 1906d,6630
red square keyrox tkl,6625
скребок для снега уличный,6620
нефор,6615
future milf,6610
sela пижама,6610
кейп,6610
befree пуховик женский,6605
гельтек ретинол,6605
candy bella,6605
пихора женская зимняя,6595
складная елка с игрушками в сумке,6595
штаны с хоботом,6590
люстры точечные синего цвета,6585
кофемолка электрическая bosch,6585
мотофайтеры игрушки,6580
костыли подмышечные взрослые,6580
фурри маска,6580
kinder яйца большое,6580
папилофаг,6575
икра палтуса,6575
time to grow,6570
писюняши антистресс,6570
karsell,6565
toplash для ресниц,6565
цветочница на кладбище,6555
befree шапка,6555
загуститель для сметаны,6555
fenty beauty,6555
пижама sela,6545
curl rock and roll,6545
смартфон vivo,6545
костюм клоуна детский,6540
кампусы розовые,6535
куртка feelz,6535
probalance для собак,6535
трусы мужские слоник,6535
боксерки nike,6530
hadat,6525
альбом stray kids rock star,6525
костюм пива,6520
narcissoss,6520
zarina кардиган,6520
бурки мужские,6515
дизель топ,6515
lost mary электронная сигарет,6510
тофа,6510
тубелон,6505
плитка потолочная бесшовная,6500
сигареты.5000,6500
мистер бист шоколад,6500
арка пиклера,6495
goar карандаш,6495
giardino magico,6490
адвент календарь шрек,6490
ipad air,6485
атлас определитель от земли до неба,6480
biogaia,6480
hircost,6470
uki kids,6465
акрапович,6465
юбка love republic,6465
trapstar куртка,6465
ecomake,6455
алиса миди,6455
босс отбеливатель,6450
nipless,6450
гепатроп,6450
kuchenland homes,6445
тостер philips,6445
домик раскраска,6440
полузамки,6440
yota,6430
кадровика маска,6425
яндекс миди,6420
гель для бритья мужской gillette,6420
boss женское,6420
глистогон для кошек,6420
аквадетрим,6415
кофе в стакане растворимый,6410
кепка с линзами,6410
ждун,6405
акваферма,6400
терафлю,6400
тушь chicago,6395
peros кондиционер,6390
michael kors обувь,6390
орсофит,6390
айкос3,6385
дозиметр,6385
мармеладыч лакрица,6385
руммикуб,6385
палатенцы,6385
лонгслив nike,6380
mixit скраб,6375
premiwa,6375
bat norton,6370
зубная паста amway,6370
оптимакс проф,6370
мак бук,6370
адвент календарь hello kitty,6365
aravia энзимная пудра,6365
блокнот уничтожь меня,6365
апоквел,6365
бехелит,6365
пуховик adidas,6365
платье у2к,6360
roomi,6355
тест на ковид,6350
bronks,6350
жвачки турбо,6345
ваза сумка,6340
удоба ирина игорек,6335
flowerknows,6335
earpods,6335
худи thrasher,6330
сухари панко,6330
маска для квадробики кошка,6330
куртка с подогревом,6325
kalyon для швов,6325
флаг лгбт,6320
диктофон прослушка,6320
фурри костюм,6320
свитер у2к,6320
тубус для кистей,6315
егэ биология 2024 рохлов,6315
tesori d'oriente духи,6315
колбаса сырокопченая беларусь,6310
mobicaro,6305
осушитель воздуха для квартиры,6305
outventure обувь,6305
the puh,6300
одежда для reborn 55 см,6300
треснутые,6295
кальций д3 никомед,6295
шапка gucci,6290
фишки а4 бокс,6290
дверь межкомнатная складная,6285
шипы ремонтные 9 мм,6285
сапожки для разогрева,6285
xros 2,6275
redmi note 11 pro,6275
гель для стирки shima 3 литров,6275
наливатор автобармен,6270
шапка у2к,6270
дистиллированная вода 5 л,6265
балаклава nike,6260
тушь stellary,6260
хворост для жарки,6260
фишки а4 влад,6260
cetaphil,6260
икра красная натуральная лососевая камчатская,6255
estrade скульптор,6255
перекись водорода 37%,6250
tombi обувь,6250
stray kids rock star,6250
одеяло детское 120х160,6245
акридерм крем,6240
пневматическая винтовка хатсан 125,6240
аккумуляторная лопата для уборки снега,6240
телефон hello kitty раскладушка,6235
свитер волосатый,6235
дырокол снежинка,6235
бонафайд,6230
костюм для восточных танцев,6225
костюм харли квин,6225
skechers мужские,6225
well bio,6220
шантипак,6220
bombbar протеин,6215
мазабрик,6210
coquette стиль,6210
shock печенье,6210
штаны парашюты мужские,6210
nothing phone 1,6210
адвентистов календарь,6205
адвент календарь с антистрессами,6205
защитные шорты под юбку,6205
жидкость для электронных вайпов,6200
семечки джинн,6190
bioderma мицеллярная вода,6180
limba шампунь,6170
угловой диван на кухню,6165
lays малосольные огурчики,6165
юбка с перьями женская,6160
ricoo,6160
литые диски r14,6160
ноутбук honor,6155
франко поп фнаф,6155
брекеты накладные прикол,6155
боди incanto,6155
шорты nike женские,6150
timberland женские,6150
vulpes комбинезон,6150
14882285051,6145
sela свитер женский,6140
шампунь жумайсынба,6140
моряки дорики,6135
тушенка белорусская армейская говядина,6135
bona fide комбинезон,6130
зажигалка hello kitty,6130
джинсы dickies,6130
игрушки для взрослы интим вибраторы,6125
жижи для электронных сигарет,6125
очиститель кратер,6120
витаминный ингалятор со вкусом,6120
сумка trapstar,6120
оверлок janome,6115
amway для духовки,6115
miss tais 776,6110
шарф дед инсайд,6110
аквамарис,6105
тахта взрослая,6100
narmak,6100
детралекс,6100
наноковрик для сушки посуды,6100
limoni тени,6100
alerana спрей,6095
провода для сабвуфера,6095
ichthyonella,6095
луны плойка,6095
futula h12,6095
fan day,6095
новосибирская тушенка,6090
angoc,6090
миноксидил 15% для бороды,6085
боксёрки,6085
фарадей обувь,6085
новогодние наклейки на ногти 2024 галографические,6080
артра,6080
шоколад с феромонами,6080
нарукавники мусульманские,6080
barefoot,6075
sinsay одежда,6060
электронные сигареты.одноразовые,6060
кастет самооборона из металла,6060
нетбук мини,6060
атомные привычки,6060
sela пуховик женский,6055
адвент календарь сладкий 31 день,6055
жесткий диск внешний 1тб,6055
ветмедин,6055
джамперы для прыжков женские,6050
inki,6045
stiraliti-универсальное,6045
sol de janeiro,6040
мухомор капсулы,6040
телескопическая дубинка металлическая,6035
лгбт украшения,6035
проблесковая балка g0221 оранжевая,6030
mjolk комбинезон,6030
ципао,6030
румяна диор,6030
xros mini,6025
836278109,6025
сливки 33% для взбивания,6015
платье sela женское,6015
планшет ipad,6015
кофемашина polaris,6010
krasnikova,6005
телефон redmi 9,6005
куртка trapstar,6005
светящиеся пакеты,6005
ротанг для плетения 7 мм,6005
logitech g304,6005
луноходы детские,6000
недавно просмотренные товары,5995
сигареты.табачные с кнопкой,5995
шапка хенджина,5995
король неверленда,5985
савоярди печенье,5980
агробалт синий,5980
rhode бальзам,5980
костюм гусара,5980
adidas adimatic,5980
метро 2033 книга,5980
радикальное прощение,5980
stiraliti пятновыводитель,5980
игрушки джи айдл мягкие,5975
2114,5980
нурофен детский,5970
протеин bombbar,5965
раскладная кровать в виде кресла 80/120,5965
клензит с,5960
inopro,5960
трусы найк,5960
анальные стринги,5955
костюм принца для мальчика,5955
пешня,5950
кепка сеточка usa,5950
симпарика для собак,5950
лисья нора книга,5950
жучок для прослушивания,5945
ёлка лентяйка,5945
pelloro,5945
пароочиститель kitfort,5945
сыворотка mixit,5940
антинагар expel,5940
lanicka пуховик,5940
детримакс,5940
gloria jeans пижама женская,5935
toptop куртка,5935
narcissoss кружевные чулки с поясом,5930
solemate,5930
гель для бровей пуси,5925
уменьшитель кольца,5925
четвертое крыло книга,5920
хатсан 125 винтовка пневматическая,5920
nivea вишня,5915
топ найк,5910
essence пудра,5910
игрушка для засыпания выдра,5910
sk8 джинсы,5905
vitauct,5905
гирлянда хвойная лапа 3*3,5905
штаны слоник прикол,5905
консилер divage,5905
стоячее зеркало напольное,5900
санки коляска зимние с колесами,5900
транспондер,5900
кухонный уголок диван,5900
джи айдл бокс,5895
шокер мощный,5885
кошелек carhartt,5885
the act крем для лица,5885
дробилка для зерна,5885
минеральная пыльца b.,5880
тарталетки песочные,5880
накладные брекеты на зубы металлические,5875
джинсы с крестами,5870
бляха муха,5865
laura mercier,5860
мой первый новый год боди,5860
раптор маска,5860
батутный самокат,5860
tofa,5855
homechig,5855
пылесос philips,5850
тадалафил,5845
tecno pova neo 2,5845
бактерии для курятника,5845
флип чейнджер,5845
маскхалат белый,5840
lego fnaf,5840
comet спрей,5840
электрошокер самооборона мощный от людей,5840
ледобур электрический для рыбалки,5840
gliss kur спрей,5835
1257877923,5835
получешки для гимнастики,5830
пижамамания,5830
платье горничной,5830
элевит,5830
муляж iphone 15,5830
бадьян звездочки целый,5825
умный чайник с алисой,5820
галстук орлята россии,5820
sela пижама женская,5815
твидовый сарафан,5810
резинка для водос леопард,5805
ретиноевая мазь,5805
лнго тима титан upgrde 2.0,5800
4.20 shop,5800
перчатки nike drill,5800
джинсы zara женские,5795
cenzura,5795
тренболон,5795
презервативы с hello kitty,5795
крыса игрушка,5795
джостик на телефон айфон 6,5795
подиумы ваз 2114,5790
пуховик stussy,5785
huawei freebuds 5i,5785
теплообменник для палатки,5785
needly,5785
магне в6,5785
air pods,5785
духи 7days,5785
складная елка из мишуры,5780
befree кардиган,5780
питбайк детский на бензине,5775
ручка шприц шариковая,5770
зеркалин,5770
happy baby обувь,5770
костюм фнаф,5770
энтеросгель,5765
лето в пионерском лагере,5765
куома для девочки зима,5760
sela пуховик,5760
костюм восточной красавицы для девочки,5755
"мой, рэббит!",5755
смарт обруч,5750
капсулы для стирки synergetic,5750
pulimak пятновыводитель,5750
nike air max 97,5745
вибрато женский,5745
столешница для кухни 1200х600,5745
кузя тут,5745
350192,5745
дверь гармошка межкомнатная,5745
платье lime,5740
фиона дакимакура,5740
мухомор красный,5735
emo робот,5735
easy clean швабра,5735
flower knows swan ballet,5730
электронная мишень для бокса,5730
зарядка для iphone оригинал,5725
нормотим,5715
outventure для мальчика,5715
maltesers шарики,5715
летающая фея,5715
clio тени,5710
sylvanian families котята,5710
энхайпен голо карты,5705
жилет с подогревом,5705
nutella ведро,5700
белорусская обувь росвест,5695
комод трансформер для макияжа,5695
брекеты для зубов накладные,5695
marmalato пуховик,5695
натуральные дубленки турция козлик,5695
лисья нора книга сакавич,5695
realme c35,5695
голо карты джи айдл,5690
резиновая баба18,5690
аппарат для маникюра manitech,5690
индукционный нагреватель,5690
ветом 1.1,5690
holly polly бальзам для губ,5690
queen gym,5685
mango куртка женская,5680
букет из бабочек светящийся готовый,5680
икра лососевая натуральная,5680
адвент календарь stray kids,5675
адвент календарь с конфетами kinder,5675
сигнал охотника патроны,5675
the north face куртка женская,5670
кресло качалка взрослое до 150 кг,5670
kinder cards,5670
салфетница телевизор,5670
икра летучей рыбы,5660
zarina сумка,5660
прыгунки детские подвесные,5660
футболка слезы бывших,5655
бассейн каркасный 457х122см,5655
sofirn,5650
tervolina женская обувь зима,5650
штаны stone island,5650
меновазин,5650
таблетки от клещей для собак,5645
леди баг и супер кот куклы,5645
max mara пуховик,5645
пуховик adidas мужской,5640
разделочная доска для размораживания,5635
складной телефон,5635
вкусно едим оболочка доя колбасы,5635
хромлипаза сибирское здоровье,5630
адвент календарь пустой,5630
фрутоняня кусочки,5630
пудра divage,5630
зинерит,5630
жидкая резина фикс про 3-1,5625
портсигар дед мороз,5625
цыпочка на шею,5625
комод трансформер со столом,5620
violeta by mango,5620
электронные сигареты.5000 затяжек,5620
мотособака,5615
rick owens обувь,5610
sally hansen,5610
стиральная доска,5610
well room,5600
asics metarise,5600
шапка puma,5595
barbie looks,5595
vape электронный для курения,5595
матирующий ролик,5595
кислородный очиститель brandfree,5590
увелка под соусом,5590
жижи,5590
тинт для губ luxvisage,5590
гептрал,5585
гель после бритья gillette,5585
вытынанки,5585
пункты выдачи wildberries на карте,5585
румяна dior,5585
смывка,5580
sinsay для дома,5580
15481189,5580
мерч аслана,5575
yokosun салфетки,5570
пеленальная доска на комод,5575
painkiller,5570
хайлайтер vivienne sabo,5570
балхам,5565
чик и брики,5565
джинсы love republic,5560
чехол для зарядки iphone,5560
фемибион 2,5560
anna gale,5555
bohicare,5550
магнелис в6,5550
филипок валенки,5550
денежное мыло с деньгами,5545
redmi pad,5545
leptigen meridian diet,5540
realme buds air 5 pro,5540
допплер для беременных домашний,5535
никотиновая кислота для волос ампулы,5530
tashe маска,5530
комфорт норд ботинки,5530
видеокарта 3060,5530
311603365,5530
hubba bubba,5525
вчерашний мир цвейг,5525
йодомарин,5520
машинка для вязания шапок,5520
перчатки adidas,5520
балаклава найк,5515
ваня дмитриенко,5515
gravity ball,5515
пельменница электрическая,5515
air max 95,5515
айфон муляж,5515
dreamies,5510
роба мужская зимняя,5510
ирригатор b.well,5505
петрушка костюм,5505
особое мясо книга,5505
метрический крепеж,5500
рашгард nike,5495
yves rocher спрей,5495
электролопата аккумуляторная,5495
ашкуди,5495
маска karseell,5495
shu 48,5495
всё ради игры,5490
бепантен крем,5490
магнитная направляющая для швейной машины,5490
1096073524,5490
apple наушники,5490
контрактубекс,5485
permegi,5485
лента для окон от холода,5485
gray moss,5485
штаны nike женские,5480
пирсинг для ногтей,5480
nina shоp,5480
шарф louis vuitton,5480
каша heinz,5475
платье в стиле чикаго,5475
pzhwear,5475
dolce milk помада,5470
skechers женские,5465
платье с висюльками женское,5465
12262496,5465
увлажнитель воздуха polaris,5465
олимпийка adidas ретро,5465
костюм человека паука женский,5460
шапка ушанка мужская ссср,5460
тушь для ресниц 2000 калорий мах фактор,5460
махорка для сигарет,5460
белояр,5455
romika,5450
трусы с райаном гослинг,5450
русский мишка furreal,5450
петарды корсар 1 упаковка,5445
перчатки carhartt,5445
саваж пуховик,5445
крем юна от морщин для лица,5445
bielenda тоник,5440
я шью журнал с выкройками,5440
флисовичок,5440
бенгальские огни 40 см,5435
палочка девственности,5435
kinder бегемотики,5435
pedigree 13 кг,5435
наматрасник 160х80,5435
новогодняя туалетная бумага,5430
пижама акулы,5430
стронгхолд капли,5430
цыганская юбка,5425
нурофен,5425
бутсы nike фантом,5420
костюм хлопушки,5420
консилер бьюти бомб,5415
пижама в виде акулы,5415
эпам 1000,5415
kuoma для девочки,5415
жижа хаски,5415
erborian cc,5415
nesquik клубничный,5410
начинающий инвестор гейл карлиц,5410
платье с фатином женское,5410
куртка love republic,5405
носки hello kitty,5405
худи молния с рожками,5405
charon беби устройство,5405
ipad 256 гб,5400
орсофит для похудения,5400
etam,5400
ману трусики,5400
триде ручка,5400
магнезия жидкая,5395
гептрал для печени,5390
электрогриль kitfort,5385
mepsi гель для стирки,5385
папилофаг от папиллом,5385
удочка зимняя мрозка,5380
bershka джинсы женские,5380
петличка электро for you,5380
joli brand,5375
теплэко обогреватель с терморегулятором,5375
антикальций спрей,5370
adidas moscow,5370
маунтин дью,5370
виниры съемные,5360
петарды корсар 6,5360
ночник с тюльпанами зеркало,5360
amway дезодорант,5355
эсвицин шампунь,5350
вещевой шкаф пенал,5350
хули,5350
карона,5350
коврик для суши,5350
choco pie арбуз,5350
dvd плеер,5345
костюм инопланетянина,5345
3pm,5345
кратер кислородный,5340
premont девочки зима,5340
комплект гермес мужской,5335
кроссовки kappa,5335
animal flex,5330
ecoclar шампунь,5330
flower knows бокс,5330
maneken brand,5330
трусы егор крид,5330
боксерки мужские,5325
ars arma,5325
костюм цыганки,5325
omsa велюр,5325
3д календарь фигурка,5320
коварный волк,5320
3d календарь отрывной настольный,5315
говядина армейская белорусская тушенка,5315
шарф zxc,5310
сумка stone island,5310
хурма,5310
шапка lacoste,5305
литвин энергетик,5300
иван поле,5300
kumon,5300
москитная сетка плиссе на дверь,5300
валенки мужские с галошами,5300
15,5300
hydropeptide,5300
tecno spark go 2024,5295
рейсмусовый станок по дереву,5295
двери межкомнатные складные,5295
парогенератор tefal,5295
мишка который дышит игрушка,5290
валдай каменс,5290
kinder joy,5290
алмаг для суставов,5290
art-visage консилер,5290
олимпийка как у кровцова,5285
эщкере,5285
native fitzsimmons,5285
гель для стирки персил,5285
ringstring,5280
хаски и его учитель белый кот,5280
твои деньги книга для детей,5275
crockid пижама,5270
эпиген интим,5270
корсар 1 петарды,5265
фитомуцил,5265
articline,5265
пижама гарри поттер,5260
форма для онигири треугольная,5260
hi smile для зубов,5260
колодки для обуви,5255
чайник smeg,5255
mschf,5250
цитросепт,5250
платье в стиле chanel,5250
стики для glo,5245
holly polly сухой шампунь,5245
love republic пуховик,5245
momi трусики 4,5245
кэнди клей набор,5245
алмаг 01,5240
mabageco,5240
хумус,5240
бенгальские огни цветные,5240
шапка c.p company,5235
кукла лол большая,5235
torvi,5235
клюшка хоккейная левый хват p28,5235
шины летние r15 185 65,5230
охолощенное оружие,5230
onitsuka tiger,5230
мини телефон сенсорный маленький,5230
серия galaxy z flip,5225
краб игрушка бегает,5225
свеча айсберг,5225
телевизор 24 смарт,5225
mideer оригами,5225
силиконовая смазка для автомобиля для резинок,5225
белый карандаш для слизистой,5220
соджу алкогольный напиток,5220
разводной ключ для сантехники,5220
антифог,5215
тумба под аквариум,5215
лак для волос с блестками серебро,5215
сурьма для глаз,5210
футболка эщ эщ эщкере,5210
глина candy clay,5210
себозол шампунь,5210
монитор изогнутый,5210
шапка befree,5210
артра для суставов,5210
щуп су джок,5210
westfalika,5205
огнетушитель гендер пати,5205
пуховик befree женский,5205
11568996,5200
милана хаметова,5200
быть может духи,5200
благословение небожителей 6 том,5195
бутекс,5195
pigeon бутылочка,5195
калауд,5195
olyashop,5195
furreal,5195
чупа чупс с ксилитом,5190
адель конфеты,5190
yves rocher набор,5190
калька для выкроек,5190
тушь divage,5185
творожный сыр виолетта,5185
kopiko,5180
таби,5180
масло джонсонс baby,5180
avent поильник csf798,5180
filwb88,5180
"газовая линза tig 3,2",5175
паровой пылесос,5175
rock star stray kids,5175
костюм динозавра надувной,5175
stellary тушь,5175
сапок мужской,5170
платье корейский стиль,5170
тушь avon,5170
пасито 2 pod,5170
naumi пуховик,5165
колонка kuromi,5165
плюшки кпоп,5165
коврик для посуды диамантовый,5160
art-visage гель для бровей,5160
принцесса куни чай,5160
перосъемная машина,5160
треснутые 3,5155
снегоуборочная лопата электрическая,5155
чепчик с пайетками женский,5155
zolla пуховик женский,5155
spark 10 pro,5155
kinder адвент,5155
выключатель с планым понижением,5150
тапки nike,5150
шлюха,5150
кроссовки demix женские,5150
big boy polar,5145
помада nivea,5145
multy home поддон под обувь,5145
бисер капсулы для стирки,5145
новогодний чемоданчик для денег,5140
костюм эльфа для девочки,5140
vetements худи,5135
ботинки аляска комфорт женские,5135
автоклав добрый жар,5135
pink shell духи,5135
варгградъ,5130
пудра candy bella,5125
love republic дубленка,5125
pulimak,5125
трусы с начесом,5120
узелковая сетка для мытья посуды,5120
пеноплекс 30 мм,5115
мини посудомойка,5115
takis,5110
виагра для женщин капли,5110
all we need,5110
водка.белуга,5110
джинсы polar big boy,5110
vichy для лица лосьон,5110
stone island штаны,5110
дозиметр радиации,5105
кофта с линзами,5105
кармекс,5105
xlash для ресниц,5105
свитер stone island,5105
желатин листовой,5100
кофта полузамок,5100
конструктор хрущевка,5100
dime,5100
сапоги эверест,5100
мисо паста,5100
римская свеча салют,5095
berelys,5090
чайник с алисой,5090
kinder яйцо большое,5085
андвент-календарь с конфетами,5085
олимпийка ретро 90-х,5085
doogee,5085
ракушка для паха,5085
2yk,5080
мэттью перри,5080
atelier organique,5080
frybest,5080
румбокс оранжерея,5075
mini verse,5070
тамбовчанка,5070
пижама gloria jeans женская,5070
мэттью перри книга,5065
манифест тушь,5065
трость с клинком,5065
befree куртка мужская,5065
кирилл плюш,5065
адвент календарь с гарри поттером,5060
рохлов биология егэ 2024,5060
ботас женские,5060
15117698,5060
nike air max tn,5060
генератор бензиновый 5.5квт,5060
циновит спрей,5055
миксер bosch,5055
termit обувь мужская,5055
авамис,5055
женский возбудитель виагра капли,5055
comotomo,5055
modellos,5055
крем для рук garnier,5050
цистон,5050
16389046,5050
спальный гарнитур,5045
напас,5045
primordial для кошек,5045
ex flex and sex,5045
лежанка для людей с пледом,5045
жутко громко и запредельно близко,5045
ирис кис кис,5045
складные двери межкомнатные,5045
420 shop куртка,5040
подушка с егором кридом,5040
опаласкиватель окрашивающий налет,5040
елка литая 160 см,5040
нексгард фронтлайн для собак,5035
мыльница фотоаппарат,5035
mystery box,5030
печь для бани,5030
likato 17в1 спрей,5030
payot дезодорант,5030
симпарика для собак 5-10 кг,5025
трюковой самокат techteam,5025
kooplex,5025
канефрон,5020
mixit крем для лица,5020
adidas munchen,5020
самсунг а24,5015
кофе монарх,5015
комбинезон с пайетками женский,5015
таби обувь,5010
резак для пенопласта,5010
ребенок в тебе должен обрести дом,5010
тин для губ,5010
инспектор для собак,5010
лисья нора книга трилогия,5005
too faced,5005
кошки на обувь,5005
miss tais 765,5005
парогенератор karcher,5005
the act набор,5005
